Workbook

Sheet 📋 City-Tier Master
A1: 🔒 CITY-TIER MASTER — Source of Truth (Do not edit — change tier here only if classification changes)
A3: City | B3: Tier | C3: Tier Name | D3: Country
A4: Delhi | B4: Metro | C4: 🏙 Mega Metro | D4: India
A5: New Delhi | B5: Metro | C5: 🏙 Mega Metro | D5: India
A6: Faridabad | B6: Metro | C6: 🏙 Mega Metro | D6: India
A7: Gurgaon | B7: Metro | C7: 🏙 Mega Metro | D7: India
A8: Ghaziabad | B8: Metro | C8: 🏙 Mega Metro | D8: India
A9: Greater Noida | B9: Metro | C9: 🏙 Mega Metro | D9: India
A10: Noida | B10: Metro | C10: 🏙 Mega Metro | D10: India
A11: Ahmedabad | B11: Metro | C11: 🏙 Mega Metro | D11: India
A12: Mumbai | B12: Metro | C12: 🏙 Mega Metro | D12: India
A13: Thane | B13: Metro | C13: 🏙 Mega Metro | D13: India
A14: Dombivli | B14: Metro | C14: 🏙 Mega Metro | D14: India
... A628: Fatehgarh Churian | B628: T4 | C628: 🛖 Tier 4 Micro | D628: India

Sheet 🔗 District-City Map
A1: 🔗 DISTRICT → CITY MAPPING | ✏️ Edit Col C (Mapped City) to reclassify any district → Tier auto-updates
A2: FORMULA: Col D = VLOOKUP(Mapped City → City-Tier Master) | Yellow cells = editable | Tier defaults to T3 if city not found in master
A3: District / Area (Master Store List) | B3: State | C3: 🖊 Mapped City (EDIT THIS) | D3: ▶ Tier (auto) | E3: Match Method | F3: Stores | G3: Notes
A4: SOUTH ANDAMANS | B4: ANDAMAN AND NICOBAR ISLANDS | C4: Port Blair | D4: =IFERROR(VLOOKUP(C4,'📋 City-Tier Master'!$A$4:$B$628,2,0),"T4") -> T3 | E4: Auto-Mapped | F4: 1
A5: ANANTAPUR | B5: ANDHRA PRADESH | C5: Anantapur | D5: =IFERROR(VLOOKUP(C5,'📋 City-Tier Master'!$A$4:$B$628,2,0),"T4") -> T2 | E5: Auto-Mapped | F5: 41
A6: Anakapalli | B6: ANDHRA PRADESH | C6: Visakhapatnam | D6: =IFERROR(VLOOKUP(C6,'📋 City-Tier Master'!$A$4:$B$628,2,0),"T4") -> T2 | E6: Auto-Mapped | F6: 16
A7: Annamayya | B7: ANDHRA PRADESH | C7: Tirupati | D7: =IFERROR(VLOOKUP(C7,'📋 City-Tier Master'!$A$4:$B$628,2,0),"T4") -> T2 | E7: Auto-Mapped | F7: 14
A8: Bapatla | B8: ANDHRA PRADESH | C8: Guntur | D8: =IFERROR(VLOOKUP(C8,'📋 City-Tier Master'!$A$4:$B$628,2,0),"T4") -> T2 | E8: Auto-Mapped | F8: 8
A9: CHITTOOR | B9: ANDHRA PRADESH | C9: Chittoor | D9: =IFERROR(VLOOKUP(C9,'📋 City-Tier Master'!$A$4:$B$628,2,0),"T4") -> T3 | E9: Auto-Mapped | F9: 76
A10: EAST GODAVARI | B10: ANDHRA PRADESH | C10: Kakinada | D10: =IFERROR(VLOOKUP(C10,'📋 City-Tier Master'!$A$4:$B$628,2,0),"T4") -> T2 | E10: Auto-Mapped | F10: 109
A11: Eluru | B11: ANDHRA PRADESH | C11: Ellore | D11: =IFERROR(VLOOKUP(C11,'📋 City-Tier Master'!$A$4:$B$628,2,0),"T4") -> T2 | E11: Auto-Mapped | F11: 23
A12: GUNTUR | B12: ANDHRA PRADESH | C12: Guntur | D12: =IFERROR(VLOOKUP(C12,'📋 City-Tier Master'!$A$4:$B$628,2,0),"T4") -> T2 | E12: Auto-Mapped | F12: 95
A13: KRISHNA | B13: ANDHRA PRADESH | C13: Vijayawada | D13: =IFERROR(VLOOKUP(C13,'📋 City-Tier Master'!$A$4:$B$628,2,0),"T4") -> T2 | E13: Auto-Mapped | F13: 26
A14: KURNOOL | B14: ANDHRA PRADESH | C14: Kurnool | D14: =IFERROR(VLOOKUP(C14,'📋 City-Tier Master'!$A$4:$B$628,2,0),"T4") -> T2 | E14: Auto-Mapped | F14: 43
A15: Kakinada | B15: ANDHRA PRADESH | C15: Kakinada | D15: =IFERROR(VLOOKUP(C15,'📋 City-Tier Master'!$A$4:$B$628,2,0),"T4") -> T2 | E15: Auto-Mapped | F15: 17
... A669: PURULIA | B669: WEST BENGAL | C669: Puruliya | D669: =IFERROR(VLOOKUP(C669,'📋 City-Tier Master'!$A$4:$B$628,2,0),"T4") -> T3 | E669: Auto-Mapped | F669: 19

Sheet 📊 Tier Stats
A1: 📊 TIER-WISE STORE DISTRIBUTION
A2: Auto-updates when District-City Map changes | Source: 31,745 stores across 112 brands
A4: Tier | B4: Tier Name | C4: Cities in Master | D4: Districts Mapped | E4: Stores | F4: % of Total
A5: Metro | B5: 🏙 Mega Metro | C5: 17 | D5: 33 | E5: =SUMIF('🔗 District-City Map'!$D$4:$D$669,A5,'🔗 District-City Map'!$F$4:$F$669) -> 8072 | F5: =IF(E10=0,"-",E5/E10) -> 0.25427626
A6: T1 | B6: 🌆 Tier 1 City | C6: 34 | D6: 61 | E6: =SUMIF('🔗 District-City Map'!$D$4:$D$669,A6,'🔗 District-City Map'!$F$4:$F$669) -> 7412 | F6: =IF(E10=0,"-",E6/E10) -> 0.23348559
A7: T2 | B7: 🏘 Tier 2 City | C7: 147 | D7: 246 | E7: =SUMIF('🔗 District-City Map'!$D$4:$D$669,A7,'🔗 District-City Map'!$F$4:$F$669) -> 9560 | F7: =IF(E10=0,"-",E7/E10) -> 0.30114979
A8: T3 | B8: 🏠 Tier 3 Town | C8: 386 | D8: 322 | E8: =SUMIF('🔗 District-City Map'!$D$4:$D$669,A8,'🔗 District-City Map'!$F$4:$F$669) -> 5708 | F8: =IF(E10=0,"-",E8/E10) -> 0.17980784
A9: T4 | B9: 🛖 Tier 4 Micro | C9: 41 | D9: 4 | E9: =SUMIF('🔗 District-City Map'!$D$4:$D$669,A9,'🔗 District-City Map'!$F$4:$F$669) -> 993 | F9: =IF(E10=0,"-",E9/E10) -> 0.031280517
A10: TOTAL | B10: All Tiers | C10: =SUM(C5:C9) -> 625 | D10: =SUM(D5:D9) -> 666 | E10: =SUM(E5:E9) -> 31745 | F10: 100.0%
A14: Python-verified store counts (for QA):
A15: Metro | B15: 8,072 stores
A16: T1 | B16: 7,428 stores
A17: T2 | B17: 9,560 stores
A18: T3 | B18: 6,571 stores
A19: T4 | B19: 114 stores

Sheet ℹ️ How to Use
A1: TIER MASTER — USER GUIDE
B3: 🗂️ Sheet Structure
B4: 📋 City-Tier Master | C4: 625 cities × tier (Metro/T1/T2/T3/T4). The single source of truth. All formulas reference this. Edit a tier here and everything cascades.
B5: 🔗 District-City Map | C5: 666 district-area names (as they appear in your store data) → mapped to canonical cities. THIS is your editing hub. Change Col C (Mapped City) for any row.
B6: 📊 Tier Stats | C6: Auto-calculated tier distribution. SUMIF formulas reference District Map → updates when you change a mapping.
B8: ✏️ Common Tasks
B9: Re-assign a district | C9: Find the district in 🔗 District-City Map Col A → change Col C to any city name from 📋 City-Tier Master → Col D (Tier) auto-updates via VLOOKUP.
B10: 'NORTH' district = Delhi | C10: Already mapped: NORTH (Delhi) → Delhi → Metro. No action needed. Check Col C for any district you're unsure about.
B11: Move a city to a different tier | C11: Go to 📋 City-Tier Master → find the city → change Col B (Tier) → every district mapped to that city auto-updates via VLOOKUP chain.
B12: Add a brand-new city | C12: Add a new row in 📋 City-Tier Master with the city name and tier → it immediately becomes available in District-City Map dropdowns.
B13: Map a new district | C13: Add a row in 🔗 District-City Map with the district name, state, and mapped city name.
B15: 🔑 Formula Chain
B16: Step 1 | C16: In 🔗 District-City Map: Col C = City Name (yellow, user-edited)
B17: Step 2 | C17: Col D = VLOOKUP(Col C → 📋 City-Tier Master col A:B) → returns Tier
B18: Step 3 | C18: 📊 Tier Stats uses SUMIF(District Map col D = tier, sum col F stores)
B19: Step 4 | C19: Master Store List Tier col = VLOOKUP(District → District Map) to get resolved Tier
B21: 🎨 Tier Colour Guide
B22: 🏙 Metro (Purple) | C22: Mumbai, Delhi, NCR, Bengaluru, Kolkata, Ahmedabad, Pune + satellites (Thane, Noida, Gurgaon, etc.)
B23: 🌆 T1 (Blue) | C23: Major state capitals: Hyderabad, Chennai, Chandigarh, Lucknow, Patna, Bhubaneshwar, Guwahati, Jaipur, Surat, Vadodara, Nagpur, Indore, etc.
B24: 🏘 T2 (Teal) | C24: Large secondary cities: Amritsar, Ludhiana, Jodhpur, Ranchi, Kochi, Coimbatore, Visakhapatnam, etc.
B25: 🏠 T3 (Green) | C25: District towns and smaller cities
B26: 🛖 T4 (Orange) | C26: Micro-markets (Punjab satellite towns in this dataset)
B27: 🟡 Yellow cells | C27: These are the ONLY cells you should type into. Everything else is formula-driven.
