Workbook

Sheet 0_ReadMe
A1: Apparel & Footwear - Demand-Supply Whitespace Engine
A2: Market-opportunity case study | toward Zudio (Value x Western) store potential | audience: senior ER
A4: HOW THIS FILE WORKS
A5: - | B5: Layer 1 - INPUTS (tabs '2_IN..'): paste raw data. Headers mirror your 5 workbooks. Blue = you type here.
A6: - | B6: Layer 2 - CALC tabs: aggregate pincode/store data by Tier x Segment x ASP via SUMIFS. Auto-fill; do not edit.
A7: - | B7: Layer 3 - OUTPUT tabs ('OUT_..'): clean, chart-ready exhibit tables that feed the deck.
A8: - | B8: Control panel - '1_Scenario': one toggle (Base/Bull/Bear) flexes ONLY assumptions. Hard data never moves.
A10: THE 22-SLIDE SPINE (build wide ~50 exhibits -> distil to this)
A11: # | B11: Act | C11: Working slide title | D11: Lead exhibit | E11: Source layer
A12: 1 | B12: Open | C12: The opportunity in one line | D12: Whitespace headline + runway # | E12: OUT_Whitespace/OUT_Zudio
A13: 2 | B13: Open | C13: Methodology - hard vs modelled | D13: Data-confidence map | E13: Methodology
A14: 3 | B14: 1 Prize | C14: India apparel+footwear wallet & growth | D14: TAM + CAGR | E14: 10_CALC_Demand
A15: 4 | B15: 1 Prize | C15: Wallet growth bridge (pop x MPCE x share) | D15: Waterfall | E15: 10_CALC_Demand
A16: 5 | B16: 1 Prize | C16: Per-capita spend by tier - the headroom | D16: Bars by tier | E16: 10_CALC_Demand
A17: 6 | B17: 2 Demand | C17: Wallet by tier & population slab | D17: Stacked bars | E17: 10_CALC_Demand
A18: 7 | B18: 2 Demand | C18: Demand concentration curve | D18: Cumulative curve | E18: 10_CALC_Demand
A19: 8 | B19: 2 Demand | C19: Top cities by apparel wallet | D19: Ranked table | E19: 3_IN_City
A20: 9 | B20: 3 Supply | C20: Organised stores by tier | D20: Bars | E20: 11_CALC_Supply
A21: 10 | B21: 3 Supply | C21: Store mix by segment x ASP | D21: Matrix/heatmap | E21: 11_CALC_Supply
A22: 11 | B22: 3 Supply | C22: Listed-brand scorecard | D22: Table | E22: 5_IN_Brands
A23: 12 | B23: 3 Supply | C23: Store density - stores / mn pop | D23: Bars | E23: 11_CALC_Supply
... A33: 22 | B33: Close | C33: So what - the recommendation | D33: Summary | E33: All
A35: DATA-CONFIDENCE LEGEND
A36: HARD (scraped/observed) | B36: Store counts, population, tier mapping, nearest-city (lat-long)
A37: MODELLED (assumption) | B37: Rev/store multipliers, FY26 revenue, target penetration, Zudio econ
A38: PROJECTED (triangulated) | B38: MPCE, GDDP/GSDP, forward wallet via CAGR

Sheet CHART_INDEX
B2: Exhibit Index — All Chart Sheets
B3: Each tab = one chart. Fill data in IN_ tabs → charts auto-update.
B5: Sheet | C5: Exhibit | D5: Type | E5: Act
B6: C1_Wallet_by_Tier | C6: Wallet by Tier — Snapshot vs Projected | D6: Clustered col | E6: 1 Prize
B7: C2_VxW_Wallet | C7: Value x Western Wallet Slice | D7: Clustered col | E7: 1 Prize
B8: C3_Stores_by_Tier | C8: Organised Stores by Tier | D8: Clustered col | E8: 3 Supply
B9: C4_Store_Density | C9: Store Density (stores / mn pop) | D9: Horizontal bar | E9: 3 Supply
B10: C5_Penetration_Curve | C10: ★ Penetration S-Curve by Tier | D10: Smooth line | E10: 4 Gap
B11: C6_Whitespace_Matrix | C11: ★ Whitespace Matrix: Wallet vs Captured vs Gap | D11: Clustered col | E11: 4 Gap
B12: C7_Store_Headroom | C12: Implied Store Headroom by Tier | D12: Col | E12: 4 Gap
B13: C8_RevPerStore | C13: Rev per Store — Comp Benchmarking | D13: Horizontal bar | E13: 5 Proof
B14: C9_RevPerSqft | C14: Rev per Sqft — Comp Benchmarking | D14: Horizontal bar | E14: 5 Proof
B15: C10_StoreAdds | C15: FY26 Store Additions by Peer | D15: Horizontal bar | E15: 5 Proof
B16: C11_Zudio_Saturation | C16: ★ Zudio Store Potential Bear/Base/Bull | D16: Clustered col | E16: 6 Zudio
... B19: C14_Penetration_Gap | C19: Captured vs Uncaptured Wallet | D19: Stacked col | E19: 4 Gap
B21: ★ = thesis-carrying exhibits. Always in the deck. Rest go to appendix or support Q&A.

Sheet 1_Scenario
A1: Scenario & Assumptions - Control Panel
A2: Toggle flexes the modelled layer only. Blue = editable input. LIVE column drives CALC/OUT tabs.
A4: Active scenario -> | C4: Base | D4: pick Bear / Base / Bull
A6: Assumption | B6: Unit | C6: Bear | D6: Base | E6: Bull | F6: LIVE
A7: Wallet CAGR - Tier 1 | B7: % | C7: 0.07 | D7: 0.09 | E7: 0.11 | F7: =IF($C$4="Bear",C7,IF($C$4="Bull",E7,D7)) -> 0.09
A8: Wallet CAGR - Tier 2 | B8: % | C8: 0.08 | D8: 0.11 | E8: 0.13 | F8: =IF($C$4="Bear",C8,IF($C$4="Bull",E8,D8)) -> 0.11
A9: Wallet CAGR - Tier 3 | B9: % | C9: 0.09 | D9: 0.12 | E9: 0.15 | F9: =IF($C$4="Bear",C9,IF($C$4="Bull",E9,D9)) -> 0.12
A10: Wallet CAGR - Tier 4 | B10: % | C10: 0.1 | D10: 0.13 | E10: 0.16 | F10: =IF($C$4="Bear",C10,IF($C$4="Bull",E10,D10)) -> 0.13
A11: Wallet CAGR - Tier 5 / Rural | B11: % | C11: 0.08 | D11: 0.11 | E11: 0.14 | F11: =IF($C$4="Bear",C11,IF($C$4="Bull",E11,D11)) -> 0.11
A12: Projection horizon | B12: yrs | C12: 5 | D12: 5 | E12: 5 | F12: =IF($C$4="Bear",C12,IF($C$4="Bull",E12,D12)) -> 5
A13: Blended org. rev/store - Tier 1 | B13: Rs Cr | C13: 6 | D13: 5 | E13: 4.5 | F13: =IF($C$4="Bear",C13,IF($C$4="Bull",E13,D13)) -> 5
A14: Blended org. rev/store - Tier 2 | B14: Rs Cr | C14: 4.5 | D14: 4 | E14: 3.6 | F14: =IF($C$4="Bear",C14,IF($C$4="Bull",E14,D14)) -> 4
A15: Blended org. rev/store - Tier 3 | B15: Rs Cr | C15: 3.5 | D15: 3 | E15: 2.7 | F15: =IF($C$4="Bear",C15,IF($C$4="Bull",E15,D15)) -> 3
A16: Blended org. rev/store - Tier 4 | B16: Rs Cr | C16: 2.8 | D16: 2.4 | E16: 2.1 | F16: =IF($C$4="Bear",C16,IF($C$4="Bull",E16,D16)) -> 2.4
A17: Blended org. rev/store - Tier 5 / Rural | B17: Rs Cr | C17: 2.2 | D17: 1.9 | E17: 1.7 | F17: =IF($C$4="Bear",C17,IF($C$4="Bull",E17,D17)) -> 1.9
A18: Value x Western share of apparel wallet | B18: % | C18: 0.18 | D18: 0.22 | E18: 0.26 | F18: =IF($C$4="Bear",C18,IF($C$4="Bull",E18,D18)) -> 0.22
... A22: Current Zudio store count (illustrative) | B22: # | C22: 2 | D22: 2 | E22: 2 | F22: =IF($C$4="Bear",C22,IF($C$4="Bull",E22,D22)) -> 2
A24: Blue cells are illustrative placeholders - overwrite with your triangulated values.

Sheet 2_IN_Pincode
A1: Input - Pincode Master
A2: Pincode -> population, tier, nearest city, per-capita spend -> wallet (auto)
A4: Pincode | B4: State | C4: District | D4: Nearest City/Metro | E4: Tier | F4: Pop Slab | G4: Population | H4: App+Foot per-capita (Rs) | I4: Wallet (Rs Cr)
A5: 100001 | B5: Delhi | C5: Delhi dist | D5: Delhi | E5: Tier 1 | F5: 4-5 Mn | G5: 23171 | H5: 4677 | I5: =G5*H5/10000000 -> 10.837077
A6: 100008 | B6: Delhi | C6: Delhi dist | D6: Delhi | E6: Tier 1 | F6: 4-5 Mn | G6: 21402 | H6: 4320 | I6: =G6*H6/10000000 -> 9.245664
A7: 100015 | B7: Karnataka | C7: Bengaluru dist | D7: Bengaluru | E7: Tier 1 | F7: 4-5 Mn | G7: 17111 | H7: 3989 | I7: =G7*H7/10000000 -> 6.8255779
A8: 100022 | B8: Karnataka | C8: Bengaluru dist | D8: Bengaluru | E8: Tier 1 | F8: 4-5 Mn | G8: 21794 | H8: 4444 | I8: =G8*H8/10000000 -> 9.6852536
A9: 100029 | B9: Karnataka | C9: Bengaluru dist | D9: Bengaluru | E9: Tier 1 | F9: 4-5 Mn | G9: 17050 | H9: 3896 | I9: =G9*H9/10000000 -> 6.64268
A10: 100036 | B10: Delhi | C10: Delhi dist | D10: Delhi | E10: Tier 1 | F10: 4-5 Mn | G10: 18970 | H10: 3945 | I10: =G10*H10/10000000 -> 7.483665
A11: 100043 | B11: Maharashtra | C11: Mumbai dist | D11: Mumbai | E11: Tier 1 | F11: 4-5 Mn | G11: 22825 | H11: 4629 | I11: =G11*H11/10000000 -> 10.565693
A12: 100050 | B12: Karnataka | C12: Bengaluru dist | D12: Bengaluru | E12: Tier 1 | F12: 4-5 Mn | G12: 24394 | H12: 3842 | I12: =G12*H12/10000000 -> 9.3721748
A13: 100057 | B13: Karnataka | C13: Bengaluru dist | D13: Bengaluru | E13: Tier 1 | F13: 4-5 Mn | G13: 20490 | H13: 4787 | I13: =G13*H13/10000000 -> 9.808563
A14: 100064 | B14: Delhi | C14: Delhi dist | D14: Delhi | E14: Tier 1 | F14: 4-5 Mn | G14: 24713 | H14: 4556 | I14: =G14*H14/10000000 -> 11.259243
A15: 100071 | B15: Karnataka | C15: Bengaluru dist | D15: Bengaluru | E15: Tier 1 | F15: 4-5 Mn | G15: 24650 | H15: 3961 | I15: =G15*H15/10000000 -> 9.763865
A16: 100078 | B16: Karnataka | C16: Bengaluru dist | D16: Bengaluru | E16: Tier 1 | F16: 4-5 Mn | G16: 14245 | H16: 4651 | I16: =G16*H16/10000000 -> 6.6253495
... A204: 101394 | B204: MP | C204: Sagar dist | D204: Sagar | E204: Tier 5 / Rural | F204: 0-0.5 Mn | G204: 1921 | H204: 503 | I204: =G204*H204/10000000 -> 0.0966263
A206: ILLUSTRATIVE rows - replace with all ~19,450 pincodes. Col I (Wallet) is a formula; extend it down.

Sheet 3_IN_City
A1: Input - City Master
A2: City-level population, tier, apparel wallet (ranked exhibits)
A4: City | B4: State | C4: Tier | D4: Pop Slab | E4: Population | F4: Apparel Wallet (Rs Cr)
A5: Mumbai | B5: Maharashtra | C5: Tier 1 | D5: 4-5 Mn | E5: 20400000 | F5: 9800
A6: Delhi | B6: Delhi | C6: Tier 1 | D6: 4-5 Mn | E6: 19800000 | F6: 9400
A7: Indore | B7: MP | C7: Tier 2 | D7: 1-2 Mn | E7: 3300000 | F7: 1250
A8: Jaipur | B8: Rajasthan | C8: Tier 2 | D8: 2-3 Mn | E8: 4100000 | F8: 1480
A9: Dehradun | B9: Uttarakhand | C9: Tier 3 | D9: 0.5-1 Mn | E9: 810000 | F9: 260

Sheet 4_IN_Demand
A1: Input - Demand / MPCE (state)
A2: State -> GSDP, MPCE, per-capita apparel & footwear
A4: State | B4: Geography/Zone | C4: Population | D4: GSDP (Rs Cr) | E4: GSDP per-capita (Rs) | F4: MPCE (Rs) | G4: Apparel per-capita (Rs) | H4: Footwear per-capita (Rs)
A5: Maharashtra | B5: West | C5: 126000000 | D5: 4200000 | E5: 333000 | F5: 4500 | G5: 3400 | H5: 900
A6: Karnataka | B6: South | C6: 67000000 | D6: 2500000 | E6: 373000 | F6: 4300 | G6: 3200 | H6: 820
A7: MP | B7: Central | C7: 86000000 | D7: 1400000 | E7: 162000 | F7: 3100 | G7: 2100 | H7: 520
A8: Bihar | B8: East | C8: 128000000 | D8: 820000 | E8: 64000 | F8: 2300 | G8: 1500 | H8: 360

Sheet 5_IN_Brands
A1: Input - Supply: Brand Master
A2: Listed-brand financials + segment/ASP tags (scorecard & rev/store)
A4: Brand | B4: Listed | C4: Segment | D4: ASP Band | E4: Total Stores | F4: Revenue (Rs Cr) | G4: Retail Area (sqft) | H4: Avg Store Size (sqft) | I4: Rev/Store (Rs Cr) | J4: Rev/sqft (Rs) | K4: Adds FY25 | L4: Adds FY26
A5: Zudio | B5: Y | C5: Western | D5: Value | E5: 760 | F5: 12000 | G5: =E5*H5 -> 2660000 | H5: 3500 | I5: =F5/E5 -> 15.789474 | J5: =F5*10000000/G5 -> 45112.782 | K5: 230 | L5: 300
A6: Reliance Trends | B6: Y | C6: Western | D6: Value | E6: 2300 | F6: 11500 | G6: =E6*H6 -> 7360000 | H6: 3200 | I6: =F6/E6 -> 5 | J6: =F6*10000000/G6 -> 15625 | K6: 180 | L6: 250
A7: Max (ABLBL) | B7: Y | C7: Western | D7: Value | E7: 430 | F7: 5400 | G7: =E7*H7 -> 3870000 | H7: 9000 | I7: =F7/E7 -> 12.55814 | J7: =F7*10000000/G7 -> 13953.488 | K7: 40 | L7: 55
A8: V-Mart | B8: Y | C8: Departmental | D8: Value | E8: 460 | F8: 2900 | G8: =E8*H8 -> 3680000 | H8: 8000 | I8: =F8/E8 -> 6.3043478 | J8: =F8*10000000/G8 -> 7880.4348 | K8: 60 | L8: 70
A9: Vishal Mega Mart | B9: Y | C9: Hypermarket | D9: Economy | E9: 680 | F9: 9500 | G9: =E9*H9 -> 12240000 | H9: 18000 | I9: =F9/E9 -> 13.970588 | J9: =F9*10000000/G9 -> 7761.4379 | K9: 55 | L9: 90
A10: Pantaloons (ABFRL) | B10: Y | C10: Departmental | D10: Mid | E10: 430 | F10: 4500 | G10: =E10*H10 -> 9460000 | H10: 22000 | I10: =F10/E10 -> 10.465116 | J10: =F10*10000000/G10 -> 4756.871 | K10: 25 | L10: 35

Sheet 6_IN_Stores
A1: Input - Supply: Stores by Tier x Segment x ASP
A2: Granular organised store counts (scraped, HARD). Drives all supply aggregations.
A4: Tier | B4: Segment | C4: ASP Band | D4: Store Count
A5: Tier 1 | B5: Western | C5: Economy | D5: 2
A6: Tier 1 | B6: Western | C6: Value | D6: 3
A7: Tier 1 | B7: Western | C7: Mid | D7: 2
A8: Tier 1 | B8: Western | C8: Premium | D8: 1
A9: Tier 1 | B9: Western | C9: Luxury | D9: 0
A10: Tier 1 | B10: Ethnic | C10: Economy | D10: 1
A11: Tier 1 | B11: Ethnic | C11: Value | D11: 2
A12: Tier 1 | B12: Ethnic | C12: Mid | D12: 1
A13: Tier 1 | B13: Ethnic | C13: Premium | D13: 1
A14: Tier 1 | B14: Ethnic | C14: Luxury | D14: 0
A15: Tier 1 | B15: Departmental | C15: Economy | D15: 1
A16: Tier 1 | B16: Departmental | C16: Value | D16: 1
... A179: Tier 5 / Rural | B179: Hypermarket | C179: Luxury | D179: 0

Sheet 7_IN_Comps
A1: Input - Listed Comps (benchmarking)
A2: DRHP + listed peers - validates rev/store, rev/sqft, store-size, add-pace
A4: Company | B4: Revenue (Rs Cr) | C4: Stores | D4: Rev/Store (Rs Cr) | E4: Avg Store (sqft) | F4: Rev/sqft (Rs) | G4: SSSG (%) | H4: ASP Band | I4: Adds FY26
A5: Baazar Style Retail (DRHP) | B5: 980 | C5: 170 | D5: =B5/C5 -> 5.7647059 | E5: 9500 | F5: =B5*10000000/(C5*E5) -> 6068.1115 | G5: 0.08 | H5: Value | I5: 35
A6: V-Mart | B6: 2900 | C6: 460 | D6: =B6/C6 -> 6.3043478 | E6: 8000 | F6: =B6*10000000/(C6*E6) -> 7880.4348 | G6: 0.05 | H6: Value | I6: 70
A7: Vishal Mega Mart | B7: 9500 | C7: 680 | D7: =B7/C7 -> 13.970588 | E7: 18000 | F7: =B7*10000000/(C7*E7) -> 7761.4379 | G7: 0.09 | H7: Economy | I7: 90
A8: Trent (Zudio+Westside) | B8: 12000 | C8: 760 | D8: =B8/C8 -> 15.789474 | E8: 3500 | F8: =B8*10000000/(C8*E8) -> 45112.782 | G8: 0.12 | H8: Value | I8: 300
A9: ABFRL | B9: 13000 | C9: 3200 | D9: =B9/C9 -> 4.0625 | E9: 5000 | F9: =B9*10000000/(C9*E9) -> 8125 | G9: 0.04 | H9: Mid | I9: 120
A10: ABLBL (Aditya Birla Lifestyle) | B10: 8500 | C10: 3000 | D10: =B10/C10 -> 2.8333333 | E10: 4200 | F10: =B10*10000000/(C10*E10) -> 6746.0317 | G10: 0.06 | H10: Mid | I10: 150

Sheet 10_CALC_Demand
A1: Calc - Demand by Tier
A2: Wallet aggregated from Pincode Master (SUMIF) | projected via scenario CAGR | V x W slice carved out
A4: Tier | B4: Snapshot Wallet (Rs Cr) | C4: CAGR (live) | D4: Horizon (yrs) | E4: Projected Wallet (Rs Cr) | F4: V x W Share | G4: V x W Wallet (Rs Cr)
A5: Tier 1 | B5: =SUMIF(2_IN_Pincode!$E:$E,A5,2_IN_Pincode!$I:$I) -> 326.34596 | C5: =1_Scenario!$F$7 -> 0.09 | D5: =1_Scenario!$F$12 -> 5 | E5: =B5*(1+C5)^D5 -> 502.1237 | F5: =1_Scenario!$F$18 -> 0.22 | G5: =B5*F5 -> 71.79611
A6: Tier 2 | B6: =SUMIF(2_IN_Pincode!$E:$E,A6,2_IN_Pincode!$I:$I) -> 107.29499 | C6: =1_Scenario!$F$8 -> 0.11 | D6: =1_Scenario!$F$12 -> 5 | E6: =B6*(1+C6)^D6 -> 180.7983 | F6: =1_Scenario!$F$18 -> 0.22 | G6: =B6*F6 -> 23.604898
A7: Tier 3 | B7: =SUMIF(2_IN_Pincode!$E:$E,A7,2_IN_Pincode!$I:$I) -> 35.16079 | C7: =1_Scenario!$F$9 -> 0.12 | D7: =1_Scenario!$F$12 -> 5 | E7: =B7*(1+C7)^D7 -> 61.965326 | F7: =1_Scenario!$F$18 -> 0.22 | G7: =B7*F7 -> 7.7353738
A8: Tier 4 | B8: =SUMIF(2_IN_Pincode!$E:$E,A8,2_IN_Pincode!$I:$I) -> 13.035836 | C8: =1_Scenario!$F$10 -> 0.13 | D8: =1_Scenario!$F$12 -> 5 | E8: =B8*(1+C8)^D8 -> 24.017682 | F8: =1_Scenario!$F$18 -> 0.22 | G8: =B8*F8 -> 2.8678839
A9: Tier 5 / Rural | B9: =SUMIF(2_IN_Pincode!$E:$E,A9,2_IN_Pincode!$I:$I) -> 3.6547203 | C9: =1_Scenario!$F$11 -> 0.11 | D9: =1_Scenario!$F$12 -> 5 | E9: =B9*(1+C9)^D9 -> 6.1584162 | F9: =1_Scenario!$F$18 -> 0.22 | G9: =B9*F9 -> 0.80403847
A10: TOTAL | B10: =SUM(B5:B9) -> 485.49229 | E10: =SUM(E5:E9) -> 775.06343 | G10: =SUM(G5:G9) -> 106.8083

Sheet 11_CALC_Supply
A1: Calc - Supply by Tier
A2: Store counts (SUMIF) | blended rev/store from scenario | captured revenue | V x W carve-out
A4: Tier | B4: Total Org. Stores | C4: V x W Stores | D4: Rev/Store (live, Rs Cr) | E4: Captured Rev (Rs Cr) | F4: Pop (mn) | G4: Stores / mn pop
A5: Tier 1 | B5: =SUMIF(6_IN_Stores!$A:$A,A5,6_IN_Stores!$D:$D) -> 28 | C5: =SUMIFS(6_IN_Stores!$D:$D,6_IN_Stores!$A:$A,A5,6_IN_Stores!$B:$B,"Western",6_IN_Stores!$C:$C,"Value") -> 3 | D5: =1_Scenario!$F$13 -> 5 | E5: =B5*D5 -> 140 | F5: =SUMIF(2_IN_Pincode!$E:$E,A5,2_IN_Pincode!$G:$G)/1000000 -> 0.763347 | G5: =IF(F5=0,0,B5/F5) -> 36.680566
A6: Tier 2 | B6: =SUMIF(6_IN_Stores!$A:$A,A6,6_IN_Stores!$D:$D) -> 4 | C6: =SUMIFS(6_IN_Stores!$D:$D,6_IN_Stores!$A:$A,A6,6_IN_Stores!$B:$B,"Western",6_IN_Stores!$C:$C,"Value") -> 1 | D6: =1_Scenario!$F$14 -> 4 | E6: =B6*D6 -> 16 | F6: =SUMIF(2_IN_Pincode!$E:$E,A6,2_IN_Pincode!$G:$G)/1000000 -> 0.434228 | G6: =IF(F6=0,0,B6/F6) -> 9.2117505
A7: Tier 3 | B7: =SUMIF(6_IN_Stores!$A:$A,A7,6_IN_Stores!$D:$D) -> 0 | C7: =SUMIFS(6_IN_Stores!$D:$D,6_IN_Stores!$A:$A,A7,6_IN_Stores!$B:$B,"Western",6_IN_Stores!$C:$C,"Value") -> 0 | D7: =1_Scenario!$F$15 -> 3 | E7: =B7*D7 -> 0 | F7: =SUMIF(2_IN_Pincode!$E:$E,A7,2_IN_Pincode!$G:$G)/1000000 -> 0.240806 | G7: =IF(F7=0,0,B7/F7) -> 0
A8: Tier 4 | B8: =SUMIF(6_IN_Stores!$A:$A,A8,6_IN_Stores!$D:$D) -> 0 | C8: =SUMIFS(6_IN_Stores!$D:$D,6_IN_Stores!$A:$A,A8,6_IN_Stores!$B:$B,"Western",6_IN_Stores!$C:$C,"Value") -> 0 | D8: =1_Scenario!$F$16 -> 2.4 | E8: =B8*D8 -> 0 | F8: =SUMIF(2_IN_Pincode!$E:$E,A8,2_IN_Pincode!$G:$G)/1000000 -> 0.123596 | G8: =IF(F8=0,0,B8/F8) -> 0
A9: Tier 5 / Rural | B9: =SUMIF(6_IN_Stores!$A:$A,A9,6_IN_Stores!$D:$D) -> 0 | C9: =SUMIFS(6_IN_Stores!$D:$D,6_IN_Stores!$A:$A,A9,6_IN_Stores!$B:$B,"Western",6_IN_Stores!$C:$C,"Value") -> 0 | D9: =1_Scenario!$F$17 -> 1.9 | E9: =B9*D9 -> 0 | F9: =SUMIF(2_IN_Pincode!$E:$E,A9,2_IN_Pincode!$G:$G)/1000000 -> 0.061064 | G9: =IF(F9=0,0,B9/F9) -> 0
A10: TOTAL | B10: =SUM(B5:B9) -> 32 | C10: =SUM(C5:C9) -> 4 | E10: =SUM(E5:E9) -> 156

Sheet OUT_Whitespace
A1: Output - Demand-Supply Whitespace Matrix
A2: THE thesis exhibit | by tier: wallet vs captured vs penetration vs implied store headroom
A4: Tier | B4: Wallet (Rs Cr) | C4: Captured Rev (Rs Cr) | D4: Penetration % | E4: Whitespace (Rs Cr) | F4: Rev/Store (Rs Cr) | G4: Implied Store Headroom
A5: Tier 1 | B5: =10_CALC_Demand!$B$5 -> 326.34596 | C5: =11_CALC_Supply!$E$5 -> 140 | D5: =IF(B5=0,0,C5/B5) -> 0.4289926 | E5: =MAX(B5-C5,0) -> 186.34596 | F5: =11_CALC_Supply!$D$5 -> 5 | G5: =IF(F5=0,0,E5/F5) -> 37.269191
A6: Tier 2 | B6: =10_CALC_Demand!$B$6 -> 107.29499 | C6: =11_CALC_Supply!$E$6 -> 16 | D6: =IF(B6=0,0,C6/B6) -> 0.14912159 | E6: =MAX(B6-C6,0) -> 91.294992 | F6: =11_CALC_Supply!$D$6 -> 4 | G6: =IF(F6=0,0,E6/F6) -> 22.823748
A7: Tier 3 | B7: =10_CALC_Demand!$B$7 -> 35.16079 | C7: =11_CALC_Supply!$E$7 -> 0 | D7: =IF(B7=0,0,C7/B7) -> 0 | E7: =MAX(B7-C7,0) -> 35.16079 | F7: =11_CALC_Supply!$D$7 -> 3 | G7: =IF(F7=0,0,E7/F7) -> 11.720263
A8: Tier 4 | B8: =10_CALC_Demand!$B$8 -> 13.035836 | C8: =11_CALC_Supply!$E$8 -> 0 | D8: =IF(B8=0,0,C8/B8) -> 0 | E8: =MAX(B8-C8,0) -> 13.035836 | F8: =11_CALC_Supply!$D$8 -> 2.4 | G8: =IF(F8=0,0,E8/F8) -> 5.4315982
A9: Tier 5 / Rural | B9: =10_CALC_Demand!$B$9 -> 3.6547203 | C9: =11_CALC_Supply!$E$9 -> 0 | D9: =IF(B9=0,0,C9/B9) -> 0 | E9: =MAX(B9-C9,0) -> 3.6547203 | F9: =11_CALC_Supply!$D$9 -> 1.9 | G9: =IF(F9=0,0,E9/F9) -> 1.923537
A10: TOTAL | B10: =SUM(B5:B9) -> 485.49229 | C10: =SUM(C5:C9) -> 156 | D10: =IF(B10=0,0,C10/B10) -> 0.32132333 | E10: =SUM(E5:E9) -> 329.49229 | G10: =SUM(G5:G9) -> 79.168338
A12: Read: penetration falls down tiers; headroom (yellow) is where value formats add stores.

Sheet OUT_Zudio
A1: Output - Zudio Store Potential: Bear / Base / Bull
A2: Value x Western whitespace -> saturation count, incremental runway, sustainable add pace
A4: Metric | B4: Unit | C4: Bear | D4: Base | E4: Bull
A5: Addressable V x W wallet | B5: Rs Cr | C5: =10_CALC_Demand!$B$10*1_Scenario!$C$18 -> 87.388613 | D5: =10_CALC_Demand!$B$10*1_Scenario!$D$18 -> 106.8083 | E5: =10_CALC_Demand!$B$10*1_Scenario!$E$18 -> 126.228
A6: Target penetration of whitespace | B6: % | C6: =1_Scenario!$C$19 -> 0.1 | D6: =1_Scenario!$D$19 -> 0.18 | E6: =1_Scenario!$E$19 -> 0.28
A7: Capturable wallet | B7: Rs Cr | C7: =C5*C6 -> 8.7388613 | D7: =D5*D6 -> 19.225495 | E7: =E5*E6 -> 35.343839
A8: Zudio revenue / store | B8: Rs Cr | C8: =1_Scenario!$C$20 -> 6 | D8: =1_Scenario!$D$20 -> 5 | E8: =1_Scenario!$E$20 -> 4.3
A9: Saturation store count | B9: # | C9: =C7/C8 -> 1.4564769 | D9: =D7/D8 -> 3.845099 | E9: =E7/E8 -> 8.2194974
A10: Current Zudio stores | B10: # | C10: =1_Scenario!$C$22 -> 2 | D10: =1_Scenario!$D$22 -> 2 | E10: =1_Scenario!$E$22 -> 2
A11: Incremental runway (stores) | B11: # | C11: =C9-C10 -> -0.54352312 | D11: =D9-D10 -> 1.845099 | E11: =E9-E10 -> 6.2194974
A12: Years to capture | B12: yrs | C12: =1_Scenario!$C$21 -> 10 | D12: =1_Scenario!$D$21 -> 8 | E12: =1_Scenario!$E$21 -> 6
A13: Sustainable annual add pace | B13: #/yr | C13: =C11/C12 -> -0.054352312 | D13: =D11/D12 -> 0.23063737 | E13: =E11/E12 -> 1.0365829
A15: Saturation uses snapshot V x W wallet. Swap to projected wallet (10_CALC_Demand col E) when projection layer is final.

Sheet Methodology
A1: Methodology & Data Confidence
A2: What an ER reviewer will probe - and where each number comes from
A4: Building block | B4: Confidence | C4: How it is derived | D4: Key sensitivity
A5: Store counts by tier x seg x ASP | B5: HARD | C5: Scraped store locators, geocoded to pincode | D5: Coverage completeness
A6: Population & tier mapping | B6: HARD | C6: Census pop; tier = pop+density+org-stores+urbanisation | D6: Tier cut-offs
A7: Nearest city / metro | B7: HARD | C7: Lat-long nearest-neighbour | D7: -
A8: Per-capita apparel+footwear | B8: PROJECTED | C8: MPCE_state x (GDDP pc / GSDP pc), mapped to PFCE | D8: MPCE growth
A9: Wallet (pincode) | B9: PROJECTED | C9: Population x per-capita spend | D9: Both above
A10: Rev/store (blended) | B10: MODELLED | C10: Tier x segment multipliers calibrated to brand avg | D10: Multiplier set
A11: FY26 revenue | B11: MODELLED | C11: Assumption / DRHP-anchored | D11: Comp validity
A12: Captured organised rev | B12: MODELLED | C12: Stores x rev/store | D12: Rev/store
A13: Whitespace & headroom | B13: MODELLED | C13: Wallet - captured; / rev/store | D13: Penetration ceiling
A14: Zudio potential | B14: MODELLED | C14: V x W whitespace x target pen / Zudio rev/store | D14: Target pen, rev/store

Sheet C1_Wallet_by_Tier
B2: Wallet by Tier — Snapshot vs 5-Yr Projected
B3: Rs Cr | Source: 10_CALC_Demand

Sheet C2_VxW_Wallet
B2: Value x Western Wallet Slice by Tier
B3: V x W wallet vs total | Rs Cr | Source: 10_CALC_Demand

Sheet C3_Stores_by_Tier
B2: Organised Stores by Tier
B3: Total organised vs Value x Western | Source: 11_CALC_Supply

Sheet C4_Store_Density
B2: Store Density by Tier
B3: Organised stores per million population | Source: 11_CALC_Supply

Sheet C5_Penetration_Curve
B2: Organised Penetration S-Curve ★ THESIS SETUP
B3: Captured rev as % of wallet — collapses down-tier | Source: OUT_Whitespace
B21: READ: Penetration collapses from ~43% in Tier 1 to near-zero in Tier 4/5. That collapse is the opening.

Sheet C6_Whitespace_Matrix
B2: Wallet vs Captured vs Whitespace ★ THE THESIS
B3: Unserved rupees by tier | Rs Cr | Source: OUT_Whitespace
B22: Blue = total wallet. Dark blue = captured. Red = whitespace (uncaptured). Red grows as tier falls — that is the prize.

Sheet C7_Store_Headroom
B2: Implied Store Headroom by Tier
B3: Whitespace / blended rev-per-store | Source: OUT_Whitespace

Sheet C8_RevPerStore
B2: Revenue per Store — Comp Benchmarking
B3: Rs Cr / store | Source: 7_IN_Comps

Sheet C9_RevPerSqft
B2: Revenue per Sqft — Comp Benchmarking
B3: Rs / sqft | Source: 7_IN_Comps

Sheet C10_StoreAdds
B2: FY26 Store Additions — Expansion Pace
B3: New stores added FY26 | Source: 7_IN_Comps

Sheet C11_Zudio_Saturation
B2: Zudio Store Potential ★ Bear / Base / Bull
B3: Saturation count + incremental runway | Source: OUT_Zudio
D6: Scenario | E6: Saturation Stores | F6: Incremental Runway | G6: Add Pace/yr
D7: Bear | E7: =MAX(OUT_Zudio!C9,0) -> 1.4564769 | F7: =MAX(OUT_Zudio!C11,0) -> 0 | G7: =MAX(OUT_Zudio!C13,0) -> 0
D8: Base | E8: =MAX(OUT_Zudio!D9,0) -> 3.845099 | F8: =MAX(OUT_Zudio!D11,0) -> 1.845099 | G8: =MAX(OUT_Zudio!D13,0) -> 0.23063737
D9: Bull | E9: =MAX(OUT_Zudio!E9,0) -> 8.2194974 | F9: =MAX(OUT_Zudio!E11,0) -> 6.2194974 | G9: =MAX(OUT_Zudio!E13,0) -> 1.0365829

Sheet C12_Zudio_Pace
B2: Zudio Implied Add Pace vs Peer Benchmarks
B3: Sustainable stores/yr | Source: OUT_Zudio + 5_IN_Brands
D6: Entity | E6: Stores / yr
D7: Zudio (Bear) | E7: =MAX(OUT_Zudio!C13,0) -> 0
D8: Zudio (Base) | E8: =MAX(OUT_Zudio!D13,0) -> 0.23063737
D9: Zudio (Bull) | E9: =MAX(OUT_Zudio!E13,0) -> 1.0365829
D10: Reliance Trends (actual) | E10: =5_IN_Brands!L6 -> 250
D11: V-Mart (actual) | E11: =7_IN_Comps!I6 -> 70
D12: Vishal Mega Mart (actual) | E12: =7_IN_Comps!I7 -> 90

Sheet C13_Brand_Scorecard
B2: Brand Scorecard — Revenue per Store
B3: Rs Cr / store | Source: 5_IN_Brands

Sheet C14_Penetration_Gap
B2: Captured vs Uncaptured Wallet
B3: Stacked | Source: OUT_Whitespace
B22: Dark = organised capture. Light = whitespace. After Tier 2, almost nothing is captured.
